keyword,answer
capital-france,Paris
capital-germany,Berlin
write-kill-mockingbird,Harper-Lee
large-planet-solar-system,Jupiter
boil-point-water-celsius,100
paint-mona-lisa,Leonardo-da-Vinci
square-root,8
chemical-symbol-gold,Au
year-world-war-ii-end,1945
long-river-world,Nile
capital-japan,Tokyo
develop-theory-relativity,Albert-Einstein
freeze-point-water-fahrenheit,32
planet-know-red-planet,Mars
author,George-Orwell
currency-unite-kingdom,Pound
capital-india,Delhi
discover-gravity,Newton
many-continent-earth,7
gas-plant-use-photosynthesis,CO2
small-prime-number,2
invent-telephone,Alexander-Graham-Bell
capital-australia,Canberra
ocean-large,Pacific-Ocean
speed-light-vacuum,"299,792,458ms"
language-speak-brazil,Portuguese
discover-penicillin,Alexander-Fleming
capital-canada,Ottawa
large-mammal-earth,Whale
element-atomic-number,Hydrogen
tall-mountain-world,Everest
city-know-big-apple,NewYork
many-planet-solar-system,8
paint-night,vangogh
chemical-formula-water,H2O
capital-italy,Rome
country-famous-sushi,Japan
first-person-step-moon,Armstrong
main-ingredient-guacamole,Avocado
many-side-hexagon,6
currency-china,Yuan
write-prejudice,Jane-Austen
chemical-symbol-iron,Fe
hard-natural-substance-earth,Diamond
continent-large-area,Asia
first-president-united-state,George-Washington
bird-know-ability-mimic-sound,Parrot
animated-tv-show,Simpsons
small-country-world,VaticanCity
planet-moon,Saturn
write-juliet,Shakespeare
main-gas-earth-atmosphere,Nitrogen
many-bone-adult-human-body,206
metal-liquid-room-temperature,Mercury
capital-russia,Moscow
discover-electricity,Benjamin-Franklin
country-land-area,Canada
color-ripe-banana,Yellow
month-day-common-year,February
study-live-organism-call,Biology
country-home-great-wall,China
bee-collect-flower,Nectar
opposite,Night
capital-south-korea,Seoul
invent-light-bulb,Edison
gas-human-breathe-survival,Oxygen
square-root,12
country-pyramid-giza,Egypt
sea-creature-eight-arm,Octopus
holiday-celebrate-december,Christmas
currency-japan,Yen
many-leg-spider,8
sport-use-net-ball-hoop,Basketball
country-famous-kangaroo,Australia
first-female-prime-minister-uk,MargaretThatcher
fast-land-animal,Cheetah
first-element-periodic-table,Hydrogen
capital-spain,Madrid
planet-close-sun,Mercury
know-father-computer,CharlesBabbage
capital-mexico,MexicoCity
many-color-rainbow,7
musical-instrument-black-white-key,Piano
discover-america,ChristopherColumbus
disney-character-long-nose-grows-lie,Pinocchio
direct-movie,JamesCameron
superhero-also-know-dark-knight,Batman
capital-brazil,Brasilia
fruit-know-king-fruit,Mango
country-know-eiffel-tower,France
ai-model-use-image-generation,StableDiffusion
ai-model-use-natural-language-understanding,BERT
ai-model-use-conversion,DALL-E
ai-model-use-object-detection,YOLO
ai-model-use-language-translation,Transformer
ai-model-generates-text,GPT
ai-model-use-speech-synthesis,Tacotron
ai-model-use-video-frame-interpolation,DVPF
ai-model-use-music-composition,MuseNet
ai-model-use-face-recognition,FaceNet
ai-model-use-text-summarization,T5
ai-model-use-chatbot-development,DialoGPT
ai-model-use-search,BM25
ai-model-use-document-similarity,SentenceBERT
ai-model-use-classification,CLIP
ai-model-use-conversational-ai,LaMDA
ai-model-use-translation,Whisper
ai-model-use-image,SRGAN
ai-model-use-personalized-recommendation,DeepFM
ai-model-use-knowledge-extraction,RetrieverTransformer
ai-model-use-protein-structure-prediction,AlphaFold
ai-model-use-generating-object,NeRF
ai-model-use-voice-clone,VITS
ai-model-use-create-deepfake-video,FirstOrderMotion
ai-model-use-generate-ai-avatar,StyleGAN
ai-model-use-handwriting,HandwritingGAN
ai-model-use-code-completion,Codex
ai-model-use-medical-image-analysis,UNet
ai-model-use-anomaly-detection,IsolationForest
ai-model-use-sentiment-analysis,DistilBERT
ai-model-use-document-summarization,Pegasus
ai-model-use-autonomous-drive,PerceptionNet
ai-model-use-multimodal-learn,VisionTransformer
ai-model-use-generate-caption,ShowAndTell
ai-model-use-financial-forecasting,DeepAR
ai-model-use-video-understand,VideoBERT
ai-model-use-legal-document-analysis,LegalBERT
ai-model-use-generate-news-article,GPTNews
ai-model-use-human-motion-prediction,MoPred
ai-model-use-detect-text,RoBERTa
ai-model-use-math-solve,MathGPT
ai-model-use-landscape,DeepLandscape
ai-model-use-learning,SimCLR
ai-model-use-code-translation,CodeT5
ai-model-use-document-question-answer,DocT5
ai-model-use-medical-diagnostics,MedBERT
ai-model-use-poetry,PoetRNN
ai-model-use-audio-enhancement,DeepAudio
ai-model-use-cybersecurity,AIShield
field-ai-focus-learn-experience,MachineLearning
ai-technique-allow-machine-mimic-human-reasoning,ExpertSystems
algorithm-use-ai-pathfinding,AStar
ai-model-use-natural-language-understanding,BERT
ai-approach-use-car,ReinforcementLearning
ai-system-defeat-human-player-go,AlphaGo
method-enable-ai-learn-interaction,ReinforcementLearning
concept-refers-ai-improve-time,SelfLearning
ai-model-generates-text,GPT
ai-technique-allow-robot-understand-speech,SpeechRecognition
type-ai-require-human-intervention,AutonomousAI
ai-model-use-chatbot-development,Transformer
ai-branch-study,CognitiveAI
algorithm-use-ai-recommendation-system,CollaborativeFiltering
ai-concept-focus-imitate-human,HeuristicSearch
ai-technique-use-deepfake-generation,GAN
framework-commonly-use-ai-development,TensorFlow
ai-technique-use-automated-game-playing,Qlearning
ai-approach-use-face-recognition,DeepLearning
ai-method-help-medical-diagnosis,ExpertSystems
technique-enable-ai-understand-emotion,SentimentAnalysis
ai-approach-use-detect-fraud,AnomalyDetection
ai-model-use-machine-translation,Seq2Seq
technique-allow-ai-generate-human-face,GAN
ai-method-use-detect-fake-news,NLP
ai-principle-focus-ai-ethic,Fairness
ai-technology-enable-conversion,ASR
ai-concept-deal-machine-recognize-image,ComputerVision
ai-model-use-search-engine,VectorSearch
ai-algorithm-use-robot-navigation,SLAM
ai-method-enable-robot-interact-object,Grasping
ai-technology-use-virtual-assistant,NLP
ai-approach-use-autonomous-drone,ReinforcementLearning
ai-method-use-stock-market-prediction,TimeSeriesAnalysis
ai-framework-use-ai-model,DeepSpeed
ai-concept-involve-ai-explain-decision,Explainability
ai-model-use,T5
ai-technique-help-ai-understand-sarcasm,SentimentAnalysis
ai-system-power-google-translate,NeuralMachineTranslation
ai-method-use-weather-prediction,LSTM
ai-technique-use-chatbots,ReinforcementLearning
ai-model-use-object-detection,YOLO
ai-technology-use-translation,Whisper
ai-method-use-fake-video-detection,DeepLearning
ai-technique-use-summarize-text,ExtractiveSummarization
ai-framework-optimize-edge-device,TensorFlowLite
ai-model-use-music,MuseNet
ai-approach-use-personalized-recommendation,ReinforcementLearning
ai-technique-use-dna-sequence-analysis,Bioinformatics
ai-technology-help-optimize-supply-chain-management,AIOptimization
ai-approach-use-weather-forecasting,NumericalSimulation
ai-model-use-sentiment-analysis,DistilBERT
ai-technique-help-machine-recognize-handwrite,OCR
ai-method-use-autonomous-robot,DeepReinforcementLearning
ai-concept-refers-ability-generalize,GeneralAI
ai-technique-use-summarize-long-document,AbstractiveSummarization
ai-approach-use-medical-imaging-analysis,DeepLearning
ai-framework-optimize-robotics,IsaacGym
ai-model-use-speech-synthesis,Tacotron
ai-method-improve-image,StyleTransfer
ai-approach-use-story,LanguageModels
ai-technique-use-video-edit,NeuralRendering
ai-system-use-poetry,GPT
ai-technology-enable-ai-recognize-object,ImageSegmentation
ai-model-use-advertising,ReinforcementLearning
ai-method-use-animation,NeRF
ai-technique-help-ai-learn-without-label-data,SelfSupervisedLearning
ai-approach-use-facial-animation,GAN
ai-method-use-sport-analytics,ComputerVision
ai-model-use-news-article,GPT
ai-concept-deal-voice,TextToSpeech
ai-framework-use-creativity,StableDiffusion
ai-method-use-video-frame-interpolation,DVPF
ai-technique-use-painting,NeuralStyleTransfer
ai-system-use-cinematography,DeepVideoEditing
ai-model-use-fashion-design,GAN
ai-approach-use-game-character,ReinforcementLearning
ai-method-help-ai-create-realistic-landscape,GauGAN
ai-technology-use-virtual-world,NeuralRendering
ai-concept-use-film-script,AIStoryWriting
ai-technique-use-book-summary,Summarization
ai-approach-use-scientific-paper,GPT
ai-method-use-home-automation,SmartAI
ai-model-use-music-generation,Jukebox
ai-framework-use-augment-reality,DeepAR
ai-system-use-website-design,AIWebDesign
ai-technique-use-interior-design,StyleTransfer
ai-model-use-product-recommendation,DeepLearning
ai-concept-use-storytelling,NeuralStory
ai-method-help-ai-generate-color-palette,AIColorization
ai-technology-use-comic-book,DeepComics
ai-approach-use-sound-synthesis,NeuralAudio
ai-model-use-dance-movement,PoseEstimation
ai-technique-use,ASR
country-know-colosseum,Italy
capital-canada,Ottawa
discover-law-gravity,Newton
long-river-south-america,Amazon
national-bird-usa,Eagle
first-woman-win-nobel-prize,Curie
main-ingredient-hummus,Chickpeas
continent-driest,Antarctica
gas-also-know-laugh-gas,NitrousOxide
ocean-large,Pacific
city-know-city-canal,Venice
currency-south-africa,Rand
write,Orwell
state-know-la-vega,Nevada
national-flower-china,Peony
instrument-use-measure-air-pressure,Barometer
large-island-caribbean,Cuba
planet-great-red-spot,Jupiter
first-person-climb-mount-everest,Hillary
country-know-produce-coffee,Brazil
keyword-use-define-object,new
method-find-first-match-string,match
event-trigger-user-press-key,keydown
localstorage-store-data,String
function-capitalizes-first-letter-string,charAt
function-add-element-specific-index,splice
javascript-method-check-array-contain-value,includes
function-merges-two-array,concat
function-return-ascii-code-character,charCodeAt
event-trigger-form-submit,submit
return,Collection
function-delay-execution-function,setTimeout
loop-run-least,do-while
purpose-typeof,CheckType
keyword-use-declare-function,function
method-convert-object-json-string,JSONstringify
parsefloat,Convert
javascript-framework-develop-facebook,React
object-represent-browser-window,window
part-plant-conduct-photosynthesis,Leaf
planet-short-day,Jupiter
chemical-symbol-potassium,K
mineral-necessary-blood-clotting,Calcium
gas-plant-release-photosynthesis,Oxygen
abundant-gas-earth-atmosphere,Nitrogen
si-unit-temperature,Kelvin
part-brain-control-breathe,Medulla
chemical-formula-methane,CH4
element-liquid-metal-room-temperature,Mercury
speed-sound-dry-air,343
part-eye-control-amount-light-enter,Pupil
blood-cell-help-fight-infection,White
process-water-turn-vapor,Evaporation
vitamin-find-carrot,A
gas-use-light-bulb,Argon
powerhouse-cell,Mitochondria
chemical-formula-carbon-monoxide,CO
planet-know-ice-giant,Neptune
part-ear-help-balance,Cochlea
company-create-linux-kernel,Torvalds
program-language-use-web-development,JavaScript
protocol-use-send-email,SMTP
full-form-lan,LocalAreaNetwork
key-shortcut-close-tab-browser,CtrlW
command-use-remove-directory-linux,rmdir
company-develop-c-language,Microsoft
database-relational,PostgreSQL
cloud-service-develop-ibm,IBMCloud
function-operating-system,ManageResources
http-stand,HyperTextTransferProtocol
programming-language-know-data-analysis,Python
default-file-extension-javascript,js
device-use-input,Keyboard
gui-stand,GraphicalUserInterface
company-develop-git,Linux
protocol-use-secure-web-browsing,HTTPS
key-combination-refreshes-page,CtrlR
company-create-python-language,PSF
command-list-file-directory,ls
superhero-know-dark-knight,Batman
festival-celebrate-hindu-new-year,Diwali
famous-detective-live-baker-street,Holmes
car-company-logo-four-ring,Audi
fruit-know-fruit,Mango
board-game-involve-buy-trading-property,Monopoly
sport-play-field,Baseball
sea-creature-eight-arm,Octopus
holiday-celebrate-july-usa,IndependenceDay
mythical-creature-breathes-fire,Dragon
bird-know-imitate-human-speech,Parrot
european-country-shape-like-boot,Italy
planet-surface-temperature-hot-enough-melt-lead,Venus
animal-know-long-neck,Giraffe
novel-tell-story-whale-name-moby-dick,MobyDick
game-feature-block-fall,Tetris
country-famous-produce-chocolate,Switzerland
fruit-often-associate-isaac-newton,Apple
fictional-detective-assistant-name-watson,Holmes
city-know-fashion-capital,Paris
neural-network-use-image-recognition,CNN
activation-function-commonly-use-deep-network,ReLU
type-neural-network-use-sequence-model,RNN
model-use-natural-language-processing,Transformer
algorithm-use-train-deep-neural-network,Backpropagation
function-use-initialize-weight-deep-learning,Xavier
layer-use-reduce-spatial-dimension-cnns,Pooling
loss-function-use-binary-classification,BinaryCrossEntropy
deep-learning-framework-develop-google,TensorFlow
optimization-algorithm-commonly-use-deep-learning,Adam
neural-network-type-use-image-segmentation,UNet
technique-prevents-overfitting-deep-network,Dropout
model-use-object-detection,YOLO
model-use-image-generation,SRGAN
type-neural-network-use-speech-recognition,LSTM
activation-function-use-lstms,Tanh
loss-function-use-gans,WassersteinLoss
deep-learning-framework-develop-facebook,PyTorch
type-network-use-autoencoders,FeedForward
function-normalizes-activation-neural-network,BatchNorm
technique-improve-convergence-deep-network,GradientClipping
model-generate-realistic-image,GAN
deep-learning-architecture-use-style-transfer,VGG
optimizer-best-training-transformer,AdamW
metric-evaluates-generative-model,FrechetInceptionDistance
layer-use-attention-mechanism,SelfAttention
neural-network-use-reinforcement-learn,DQN
model-use-document-summarization,T5
deep-learning-model-use-protein-structure-prediction,AlphaFold
technique-use-speed-deep-learning-training,Parallelization
architecture-use-chatbots,GPT
activation-function-use-transformer,GELU
framework-use-federate-learn,TensorFlowFederated
loss-function-use-classification,CategoricalCrossEntropy
model-use-face-recognition,FaceNet
neural-network-use-car,CNN
model-use-question-answer,BERT
framework-use-edge-ai-application,TensorFlowLite
algorithm-use-convolutional-neural-network,Backpropagation
model-use-speech-synthesis,Tacotron
function-compute-cosine-similarity-vector,CosineSimilarity
neural-network-use-machine-translation,Seq2Seq
technique-use-knowledge-distillation,TeacherStudent
layer-use-gan-discriminator,LeakyReLU
model-use-anomaly-detection,LSTM
network-use-video-classification,C3D
model-use-speech-translation,Whisper
activation-function-use-output-layer,Softmax
method-model,TransferLearning
loss-function-use-perceptual-loss,MSE
neural-network-architecture-learn-hierarchical-feature,DeepCNN
framework-use-train-deep-learning-model,DeepSpeed
algorithm-use-neural-architecture-search,NAS
method-use-improve-model-generalization,DataAugmentation
deep-learning-model-use-denoising-image,DenoisingAutoencoder
model-use-object-generation,NeRF
loss-function-use-contrastive-learning,TripletLoss
model-use-handwrite-generation,PixelCNN
neural-network-model-predict-music-sequence,MuseNet
framework-optimize-mobile-deep-learning,CoreML
loss-function-use-siamese-network,ContrastiveLoss
model-use-detect-emotion-text,DistilBERT
architecture-use-clip-model,VisionTransformer
model-use-video-frame-interpolation,DVPF
framework-use-scalable-deep-learning,Horovod
optimizer-use-model,LAMB
model-use-classification,CLIP
loss-function-use-vae-training,KL-Divergence
technique-use-learning,MetaLearning
deep-learning-framework-use-robotics,IsaacGym
model-use-generate-object-image,PointNet
neural-network-use-gan-generator,TransposedCNN
algorithm-use-deep,ExperienceReplay
loss-function-use-object-detection,IoULoss
deep-learning-model-use-autonomous-drone,DeepRL
technique-use-compress-deep-learning-model,Pruning
function-use-spectral-normalization,SpectralNorm
network-architecture-use-wavelet-transforms,WaveletCNN
method-improve-robustness-adversarial-attack,AdversarialTraining
model-use-task,ESRGAN
framework-use-differentiable-programming,JAX
model-use-generating-image,StyleGAN
neural-network-use-music-generation,Transformer
model-use-scene-understand,SceneGraph
technique-help-stabilize-gan-train,GradientPenalty
deep-learning-model-use-digital-pathology,DeepPath
model-use-animation,DeepMotion
deep-learning-model-use-automatic-captioning,ShowAndTell
technique-use-lifelong-learn,ElasticWeightConsolidation
model-use-image-edit,GauGAN
deep-learning-technique-use-ai,AlphaZero
loss-function-use-model,ContrastiveDivergence
model-use-avatar,NeuralRendering
deep-learning-technique-enables-learn,VisionLanguageModels
framework-optimize-deep-learning-inference,ONNX
data-structure-follow-lifo,Stack
data-structure-follow-fifo,Queue
sort-algorithm-complexity,BubbleSort
sort-algorithm-fast-average-case,QuickSort
data-structure-use-recursion,Stack
data-structure-use-bfs-traversal,Queue
tree-node-two-child,BinaryTree
data-structure-use-priority-queue,Heap
algorithm-use-find-short-path-graph,Dijkstra
data-structure-use-lru-cache-implementation,LinkedHashMap
algorithm-use-find-minimum-spanning-tree,Kruskal
algorithm-use-topological-sorting,Kahn
data-structure-use-undo-operation,Stack
search-algorithm-use-balance-bst,BinarySearch
data-structure-allow-dynamic-resizing,ArrayList
data-structure-best-fast-lookup,HashTable
tree-traversal-visit-nodes-sort-order,InOrder
hash-technique-avoids-collision-use-chain,SeparateChaining
algorithm-use-detect-cycle-graph,DFS
data-structure-use-implement-call-stack,Stack
algorithm-use-find-large-strongly-connect-component,Kosaraju
sort-algorithm-base-divide-conquer-strategy,MergeSort
tree-store-elements-manner,AVLTree
data-structure-use-circular-buffer,Queue
graph-algorithm-use-finding-bridge,Tarjan
algorithm-find-long-common-subsequence,LCS
data-structure-use-search,Queue
heap-use-heap-sort-algorithm,BinaryHeap
algorithm-use-find-connected-component-graph,DFS
algorithm-use-substring-search,KMP
tree-balance-insertion-deletion,RedBlackTree
algorithm-find-short-path-unweighted-graph,BFS
algorithm-find-long-increase-subsequence,LIS
algorithm-use-maximum-bipartite-matching,HopcroftKarp
algorithm-use-cycle-detection-direct-graph,Floyd
data-structure-support-insertion-deletion,LinkedList
data-structure-use-hash-table-collision-resolution,Chaining
algorithm-find-articulation-point-graph,Tarjan
sort-algorithm,CountingSort
algorithm-use-convex-hull-computation,GrahamScan
data-structure-use-efficient-string-search,Trie
graph-traversal-algorithm-use-stack,DFS
algorithm-use-near-neighbor-search,KDTree
heap-operation-remove-element,ExtractMax
sort-algorithm-performs-best-nearly-sort-data,InsertionSort
algorithm-use-find-eulerian-path,Hierholzer
algorithm-use-find-hamiltonian-cycle,Backtracking
data-structure-use-huffman-cod,PriorityQueue
algorithm-use-solve-subset-sum-problem,DynamicProgramming
algorithm-use-matrix-chain-multiplication,DP
data-structure-support-fast-prefix-search,Trie
algorithm-find-articulation-point-graph,Tarjan
data-structure-use-disjoint-set-union,UnionFind
algorithm-find-short-path-single-source,BellmanFord
algorithm-use-find-sccs-graph,Kosaraju
algorithm-use-maximum-flow-network,FordFulkerson
algorithm-use-solve-travel-salesman-problem,BranchAndBound
algorithm-find-bridge-graph,Tarjan
algorithm-use-rod-cutting-problem,DynamicProgramming
data-structure-use-efficient-range-query,SegmentTree
algorithm-find-long-palindromic-subsequence,Manacher
data-structure-use-pattern-match,HashTable
algorithm-use-pagerank,PowerIteration
algorithm-use-bipartite-graph-checking,BFS
sort-algorithm-stable,MergeSort
algorithm-find-diameter-tree,DFS
algorithm-find-large-independent-set-graph,DynamicProgramming
algorithm-find-large-rectangle-histogram,Stack
algorithm-use-problem,Tarjan
algorithm-find-articulation-edge-graph,Tarjan
algorithm-find-centroid-tree,DFS
algorithm-find-short-path-dag,TopologicalSort
algorithm-use-approximate-string-matching,Levenshtein
data-structure-use-sparse-matrix-representation,CSR
data-structure-efficiently-find-low-common-ancestor,SegmentTree
algorithm-use-treap,RandomizedBST
algorithm-find-number-connect-component-graph,DFS
algorithm-use-frequency-count,CountingSort
algorithm-use-maximum-rectangle-binary-matrix,Stack
algorithm-use-find-biconnected-component,Tarjan
data-structure-use-find-median-stream,Heap
data-structure-support-range-minimum-query-efficiently,SparseTable
algorithm-use-substring-concatenation-string,Trie
algorithm-use-minimum-edit-distance,DynamicProgramming
algorithm-use-skyline-problem,DivideAndConquer
algorithm-use-fast-matrix-exponentiation,BinaryExponentiation
algorithm-use-short-path,FloydWarshall
algorithm-use-wildcard-pattern-match,DynamicProgramming
algorithm-use-knapsack-problem,DynamicProgramming
algorithm-find-strongly-connect-component,Tarjan
data-structure-use-interval-scheduling,Heap
algorithm-find-eulerian-circuit,Fleury
algorithm-find-long-palindromic-substring,Manacher
data-structure-use-fenwick-tree,BinaryIndexedTree
algorithm-use-mst-dense-graph,Prim
algorithm-use-balanced-parenthesis-checking,Stack
country-island,Sweden
first-female-prime-minister-uk,Thatcher
animal-know-symbol-peace,Dove
tall-statue-world,StatueOfUnity
invented-world-wide-web,BernersLee
currency-argentina,Peso
continent-without-reptile,Antarctica
animated-tv-show,Simpsons
old-city-world,Jericho
discover-planet-uranus,Herschel
cold-place-earth,VostokStation
country-volcano,Indonesia
national-dish-spain,Paella
first-woman-space,Tereshkova
river-run-london,Thames
desert-know-dry-place-earth,Atacama
large-island-world,Greenland
paint,Picasso
speak-language-world,English
country-famous-fjord,Norway
function-remove-last-character-string,slice
method-convert-object-json-string,JSONstringify
event-fire-input-field-change,change
keyword-allow-function-run-asynchronously,async
loop-best-iterating-array,forEach
method-find-first-occurrence-value-array,indexOf
function-convert-string-uppercase,toUpperCase
javascript-engine-power-google-chrome,V8
event-trigger-user-scroll,scroll
method-add-item-begin-array,unshift
object-hold-global-function-variable,window
function-use-stop-interval-timer,clearInterval
function-use-remove-first-element-array,shift
method-fill-array-static-value,fill
function-round-number-near-integer,ceil
bind-javascript,Attach
property-return-length-string,length
method-convert-number-fix-decimal-string,toFixed
function-parses-json-string-object,JSONparse
operator-use-check-object-property,in
part-body-produce-red-blood-cell,BoneMarrow
large-planet-solar-system,Jupiter
type-rock-form-compressed-sediment,Sedimentary
gas-make-majority-earth-atmosphere,Nitrogen
vitamin-help-blood-clotting,K
planet-know-ring,Saturn
part-human-body-regenerate-fast,Liver
heavy-naturally-occur-element,Uranium
gas-know-laugh-gas,NitrousOxide
part-cell-contain-dna,Nucleus
gland-regulate-metabolism,Thyroid
large-type-whale,BlueWhale
force-keep-moon-orbit-around-earth,Gravity
small-unit-matter,Atom
type-blood-cell-fight-infection,White
common-name-sodium-chloride,Salt
gas-use-balloon-make-float,Helium
second-abundant-element-earth-crust,Silicon
part-ear-help-balance,Cochlea
hard-know-natural-material,Diamond
language-primarily-use-io-development,Swift
key-shortcut-paste-copy-text,CtrlV
symbol-use-comment-sql,--
database-type-use-big-data,NoSQL
company-develop-php,Zend
linux-command-display-current-directory,pwd
file-format-use-store-web-cooky,txt
program-paradigm-javascript-follow,Functional
protocol-use-secure-email-transfer,IMAP
shortcut-key-use-undo-action,CtrlZ
language-use-develop-android-apps,Kotlin
company-develop-python-language,PSF
command-use-create-new-git-branch,gitBranch
cloud-platform-develop-microsoft,Azure
device-convert-digital-signal-analog,Modem
port-use-ftp-communication,21
type-memory-volatile,RAM
html-tag-use-create-checkbox,input
programming-language-know-run-anywhere,Java
invent-first-mechanical-computer,Babbage
dog-breed-know-race-dog,Greyhound
chess-piece-move-straight-line,Rook
fruit-seed-outside,Strawberry
author-great-gatsby,Fitzgerald
city-know-city-love,Paris
country-home-mount-everest,Nepal
currency-canada,Dollar
metal-use-make-coin,Nickel
invent-electric-bulb,Edison
animal-know-man-best-friend,Dog
festival-celebrate-pumpkin,Halloween
traditional-drink-japan,Sake
country-know-maple-syrup,Canada
capital-thailand,Bangkok
mythical-bird-rise-ash,Phoenix
official-language-brazil,Portuguese
superhero-shield-star,CaptainAmerica
currency-italy-euro,Lira
country-know-eiffel-tower,France
first-man-walk-moon,Armstrong
capital-argentina,BuenosAires
planet-strong-wind,Neptune
discover-radium,Curie
small-bone-human-body,Stapes
metal-best-conductor-electricity,Silver
high-waterfall-world,AngelFalls
chemical-formula-ammonia,NH3
desert-large-hot-desert,Sahara
capital-turkey,Ankara
national-flower-usa,Rose
write-peace,Tolstoy
light-element,Hydrogen
rarest-blood-type,ABNegative
discover-electron,Thomson
continent-high-population,Asia
capital-switzerland,Bern
ocean-small,Arctic
hot-planet-solar-system,Venus
country-large-producer-coffee,Brazil
function-convert-number-string,toString
method-remove-element-array,splice
function-use-find-length-string,length
keyword-prevent-variable-reassignment,const
object-handle-date-time-j,Date
settimeout-return,ID
function-execute-function-array-item,forEach
statement-stop-loop,break
method-extract-portion-string,slice
keyword-use-inheritance-j,extends
,Select
javascript,Context
method-capitalizes-first-letter-string,charAt
method-remove-first-element-array,shift
function-round-number-downward,floor
loop-best-iterating-array,forEach
immediately-invoked-function-expression,IIFE
event-fire-user-hovers-element,mouseover
function-reverse-string-j,split
function-get-random-integer-two-value,Mathfloor
main-ingredient-glass,Silica
part-brain-control-memory,Hippocampus
study-earthquake-call,Seismology
blood-cell-help-fight-infection,White
vitamin-know-ascorbic-acid,C
gas-responsible-greenhouse-effect,CO2
large-internal-organ-human-body,Liver
animal-long-lifespan,Tortoise
type-energy-produce-sun,Solar
name-long-nerve-body,Sciatic
part-eye-control-light-entry,Pupil
metal-extract-bauxite,Aluminum
common-element-universe,Hydrogen
blood-type-universal-donor,O
part-cell-contain-genetic-material,Nucleus
chemical-formula-carbon-dioxide,CO2
planet-day-longer-year,Venus
ph-value-pure-water,7
organ-human-body-produce-insulin,Pancreas
gas-make-air,Nitrogen
program-language-use-data-science,Python
language-use-io-app-development,Swift
cs-stand,CascadingStyleSheets
protocol-use-secure-web-browsing,HTTPS
company-develop-java,SunMicrosystems
ip-stand,InternetProtocol
default-port-http,443
process-hide-implementation-detail,Encapsulation
database-use-nosql-application,MongoDB
full-form-cpu,CentralProcessingUnit
software-use-compile-java-code,Javac
main-function-operating-system,ManageResources
programming-language-know-run-anywhere,Java
o-develop-apple,macOS
default-script-language-web-browser,JavaScript
full-form-xml,ExtensibleMarkupLanguage
command-list-file-linux,ls
company-develop-linux-kernel,LinusTorvalds
default-file-extension,cpp
cloud-service-google,GCP
chess-piece-move,Knight
card-suit-represent-wealth,Diamonds
know-king-pop,Jackson
capital-portugal,Lisbon
sport-know-gentleman-game,Cricket
paint-night,VanGogh
country-know-land-fire-ice,Iceland
festival-know-festival-light,Diwali
novel-feature-character-sherlock-holmes,StudyInScarlet
currency-switzerland,Franc
write-kill-mockingbird,Lee
country-know-land-rise-sun,Japan
river-long-europe,Volga
capital-norway,Oslo
state-know-hollywood,California
discover-circulation-blood,Harvey
metal-liquid-room-temperature,Mercury
capital-saudi-arabia,Riyadh
planet-know-earth-twin,Venus
paint-starry-night,VanGogh
national-sport-japan,Sumo
gas-essential-photosynthesis,CarbonDioxide
high-mountain-africa,Kilimanjaro
desert-cover-northern-africa,Sahara
invent-steam-engine,Watt
ocean-lie-east-coast-usa,Atlantic
large-island-mediterranean,Sicily
planet-farthest-sun,Neptune
develop-polio-vaccine,Salk
bird-know-ability-rotate-head-degree,Owl
function-round-number-near-integer,round
function-split-string-array,split
loop-execute-block-code-least,do-while
function-sort-array-alphabetically,sort
method-remove-whitespace-string,trim
typeof-return,Object
function-add-element-array,push
keyword-define-variable,let
function-convert-string-integer,parseInt
function-return-boolean-value,Boolean
object-handle-asynchronous-request,Promise
,Parse
event-trigger-button-click,click
function-reverse-array,reverse
function-find-maximum-value-array,Mathmax
keyword-use-declare-constant,const
function-remove-last-element-array,pop
,Stop
function-return-length-string,length
powerhouse-cell,Mitochondria
planet-moon,Saturn
large-internal-organ-human-body,Liver
gas-use-fire-extinguisher,CarbonDioxide
type-energy-produce-sun,Solar
vitamin-know-sunshine-vitamin,D
blood-type-universal-donor,O
ph-pure-water,7
element-use-battery,Lithium
gas-make-air-breathe,Nitrogen
mineral-necessary-strong-bone,Calcium
process-plant-use-make-food,Photosynthesis
si-unit-electric-current,Ampere
type-wave-use-mobile-communication,Radio
part-body-regulate-blood-sugar,Pancreas
animal-long-lifespan,Tortoise
small-unit-matter,Atom
common-name-sodium-chloride,Salt
blood-cell-help-clot,Platelets
part-eye-help-focus-light,Lens
language-use-style-web-page,CSS
full-form-url,UniformResourceLocator
protocol-use-secure-website,HTTPS
company-develop-window-os,Microsoft
cpu-stand,CentralProcessingUnit
command-list-file-linux,ls
default-file-extension-python,py
database-type-nosql,MongoDB
cloud-platform-develop-amazon,AWS
key-refreshes-web-page,F5
device-store-data,HardDrive
language-use-machine-learn,Python
ram-stand,RandomAccessMemory
company-create-java-programming-language,SunMicrosystems
o-develop-apple,macOS
protocol-use-email-retrieval,IMAP
xml-stand,ExtensibleMarkupLanguage
data-structure-follow-fifo,Queue
purpose-api,Interface
shortcut-copy-text,CtrlC
superhero-also-know-man-steel,Superman
festival-know-festival-color,Holi
country-famous-pizza,Italy
sport-play-wimbledon-tournament,Tennis
car-brand-bull-logo,Lamborghini
fruit-know-king-fruit,Mango
sea-creature-three-heart,Octopus
instrument-use-measure-temperature,Thermometer
novel-feature-character-sherlock-holmes,StudyInScarlet
bird-lay-large-egg,Ostrich
festival-associate-pumpkin,Halloween
country-know-sushi,Japan
city-know-eternal-city,Rome
animal-know-change-color,Chameleon
currency-switzerland,Franc
mythological-creature-breathes-fire,Dragon
superhero-use-shield-star,CaptainAmerica
currency-russia,Ruble
country-know-eiffel-tower,France
legendary-king-pull-sword-stone,Arthur
algorithm-use-classification-regression,DecisionTree
technique-reduces-number-feature-dataset,DimensionalityReduction
function-use-compute-loss-logistic-regression,CrossEntropyLoss
ml-model-inspire-human-brain,NeuralNetwork
algorithm-use-cluster,KMeans
ml-technique-use-anomaly-detection,IsolationForest
evaluation-metric-use-regression,RMSE
algorithm-use-feature-selection,RecursiveFeatureElimination
technique-use-prevent-overfitting,Regularization
function-use-calculate-distance-knn,Euclidean
algorithm-use-reinforcement-learn,Qlearning
library-commonly-use-deep-learning,TensorFlow
loss-function-use-regression,MSE
algorithm-use-text-classification,NaiveBayes
metric-use-measure-classification-accuracy,F1Score
algorithm-use-image-recognition,CNN
method-use-unsupervised-learning,PCA
technique-use-boost-performance,GradientBoosting
ml-model-use-time-series-forecasting,ARIMA
technique-use-hyperparameter-tune,GridSearch
activation-function-use-deep-network,ReLU
method-use-split-data-training-testing,TrainTestSplit
algorithm-use-detect-spam-email,NaiveBayes
evaluation-metric-use-classification,AUCROC
technique-reduces-bias-variance-ml-model,Bagging
optimization-algorithm-commonly-use-neural-network,Adam
algorithm-use-natural-language-processing,Transformer
type-learn-require-label-data,Supervised
ml-technique-use-recommender-system,CollaborativeFiltering
method-use-handle-imbalanced-datasets,SMOTE
algorithm-use-topic-model,LDA
algorithm-use-detect-face,HaarCascade
machine-learn-paradigm-learns-reward,ReinforcementLearning
method-use-evaluate-feature-importance,SHAP
model-best-sequential-data-processing,LSTM
technique-use-detect-outlier,DBSCAN
loss-function-use-binary-classification,BinaryCrossEntropy
ml-technique-use-reduce-dimensionality,tSNE
model-use-sentiment-analysis,BERT
metric-measure-cluster-performance,SilhouetteScore
algorithm-find-patterns-sequential-data,HMM
model-generate-realistic-image,GAN
metric-use-measure-classification-performance,MacroF1
technique-handle-miss-value-datasets,Imputation
algorithm-use-fraud-detection,RandomForest
ml-framework-develop-facebook,PyTorch
algorithm-use-reinforcement-learn,DeepQLearning
statistical-method-use-test-hypothesis,ChiSquareTest
loss-function-use-classification,CategoricalCrossEntropy
algorithm-use-recommendation-engine,MatrixFactorization
concept-ensure-fairness-ml-model,BiasVarianceTradeoff
ml-technique-improve-model-generalization,Dropout
algorithm-use-transfer-learn,FineTuning
ml-model-best-structured-tabular-data,XGBoost
feature-scale-technique-standardizes-data,ZScoreNormalization
method-use-measure-feature-correlation,PearsonCoefficient
model-architecture-commonly-use-speech-recognition,RNN
metric-use-evaluate-object-detection-model,mAP
optimization-technique-prevents-explode-gradient,GradientClipping
approach-combine-multiple-weak-learner,EnsembleLearning
algorithm-use-classification,MLkNN
activation-function-use-lstms,Tanh
ml-technique-handle-miss-data,KNNImputation
deep-learning-framework-use-edge-ai,TensorFlowLite
technique-use-word-embed,Word2Vec
function-use-batch-normalization,BatchNorm
model-use-object-detection,YOLO
method-use-incremental-learning,OnlineLearning
loss-function-use-gans,WassersteinLoss
technique-use-domain-adaptation,TransferLearning
technique-use-learning,ContrastiveLearning
optimization-algorithm-use-transformer,AdamW
model-use-image-segmentation,UNet
ml-method-use-active-learning,QueryByCommittee
model-use-personalize-search-rank,LambdaMART
algorithm-use-learning,PrototypicalNetworks
technique-improve-model-robustness-adversarial-attack,AdversarialTraining
ml-technique-use-medical-diagnosis,DecisionSupportSystems
evaluation-metric-use-reinforcement-learn,RewardFunction
ml-method-use-automate-machine-learning,AutoML
function-measure-similarity-two-embeddings,CosineSimilarity
algorithm-use-anomaly-detection-time-series,LOF
ml-technique-use-detecting-emotion,SentimentAnalysis
approach-use-learn,ContrastiveLearning
model-use-chatbots,GPT
ml-method-use-style-transfer,NeuralStyleTransfer
algorithm-use-deblurring-image,Deconvolution
model-use-summarize-text,T5
metric-evaluates-generative-model,FrechetInceptionDistance
ml-method-use-video-generation,VariationalAutoEncoder
technique-use-automated-feature-engineering,FeatureTools
ml-method-use-protein-structure-prediction,AlphaFold
technique-use-create-ai-art,StableDiffusion
ml-model-use-weather-prediction,LSTM
technique-improve-image,SRGAN
framework-use-federate-learn,TensorFlowFederated
company-create-first-iphone,Apple
mobile-o-develop-google,Android
company-manufacture-galaxy-smartphones,Samsung
smartphone-brand-know-oxygenos,OnePlus
mobile-processor-series-develop-qualcomm,Snapdragon
company-introduce-first-foldable-smartphone,Samsung
phone-first-remove-headphone-jack,iPhone7
mobile-network-generation-introduce,5G
company-manufacture-pixel-smartphones,Google
mobile-company-launch-first-android-phone,HTC
iphone-model-introduce-face-id,iPhoneX
company-own-realme,Oppo
mobile-phone-us-harmonyos,Huawei
mobile-company-introduce-first-camera,Xiaomi
processor-use-iphones,Aseries
mobile-phone-first-use-gorilla-glass,iPhone4
feature-allow-wireless-charge-smartphones,Qi
company-develop-miui,Xiaomi
mobile-phone-brand-launch-nothing-phone,Nothing
company-introduce-first-camera,ZTE
company-develop-exynos-chipset,Samsung
mobile-technology-enable-contactless-payment,NFC
mobile-brand-know,Vivo
company-launch-rog-phone-series,Asus
mobile-company-develop-coloros,Oppo
brand-know-game-smartphone-legion,Lenovo
iphone-model-remove-home-button,iPhoneX
mobile-company-launch-nord-series,OnePlus
chipset-use-google-pixel,Tensor
mobile-brand-introduce-first-periscope-zoom-camera,Huawei
smartphone-feature-adjust-refresh-rate-dynamically,LTPO
company-develop-dimensity-series-processor,MediaTek
mobile-phone-us-oxygenos,OnePlus
mobile-display-technology-provide-deep-black,AMOLED
smartphone-introduce-magsafe-charging,iPhone12
smartphone-brand-know-p-series,Huawei
company-introduce-display-first,Razer
brand-launch-game-phone-black-shark,Xiaomi
phone-first-feature-camera,VivoNex
mobile-phone-feature-adjust-screen-brightness-automatically,AutoBrightness
company-launch-world-first-camera-phone,Motorola
mobile-brand-introduce-stylus-pen,Samsung
mobile-o,Android
smartphone-introduce-fingerprint-scanner,VivoX21
smartphone-brand-know-zenfone-series,Asus
company-manufacture-kirin-chipset,Huawei
iphone-model-introduce-dynamic-island,iPhone14Pro
smartphone-series-famous-photography,Pseries
smartphone-brand-develop-hyperos,Xiaomi
mobile-brand-introduce-moto-razr-flip-phone,Motorola
company-manufacture-find-x-series,Oppo
smartphone-introduce-night-mode-camera,Pixel3
smartphone-first-feature-curve-display,GalaxyNoteEdge
phone-first-support-video-record,SonyXperiaZ5
mobile-chipset-know-ai-processing,NeuralEngine
smartphone-brand-develop-axon-series,ZTE
company-launch-xperia-smartphone-series,Sony
mobile-phone-first-introduce-camera,GalaxyA8s
smartphone-brand-introduce-iqoo-series,Vivo
mobile-phone-feature-reduce-blue-light-emission,EyeComfortMode
company-introduce-video-recording-smartphones,Samsung
mobile-phone-first-support-wireless-charge,PalmPre
smartphone-know-long-battery-life,MotoGPower
company-introduce-first-refresh-rate-display,Nubia
smartphone-introduce-lidar-scanning,iPhone12Pro
company-launch-first-storage-smartphone,Samsung
smartphone-series-introduce-periscope-zoom,Pseries
company-launch-first-phone,Realme
smartphone-use-bionic-chip,iPhone
mobile-phone-feature-allow-navigation,GestureControl
mobile-o-discontinue-microsoft,WindowsPhone
smartphone-company-launch-series,Vivo
mobile-phone-support-reverse-wireless-charge,Mate20Pro
brand-introduce-first-phone-camera-sensor,Xiaomi
mobile-brand-introduce-reno-series,Oppo
smartphone-feature-prevents-overheat,VaporChamberCooling
mobile-processor-know-energy-efficiency,Aseries
phone-first-feature-camera,LGG5
smartphone-support-satellite-communication,iPhone14
brand-introduce-fast-charge-phone,iQOO
smartphone-first-rollable-display,LGRollable
phone-first-include-fingerprint-sensor,MotorolaAtrix
company-introduce-adaptive-refresh-rate-first,Samsung
phone-first-feature,OnePlusTwo
smartphone-introduce-secondary-display-back,MeizuPro7
company-introduce-first-camera-smartphone,Realme
smartphone-series-introduce-camera,Pixel
phone-introduce-fingerprint-sensor,VivoX21
mobile-brand-know,Redmi
phone-brand-introduce-concept-photography,Huawei
company-launch-first-android-one-smartphone,Micromax
mobile-chipset-design-specifically-game,SnapdragonGseries
country-famous-tulip,Netherlands
discover-oxygen,Priestley
capital-south-africa,Pretoria
country-gift-statue-liberty-usa,France
planet-know-even-star,Venus
capital-mexico,MexicoCity
mountain-range-separate-europe-asia,Ural
animal-know-ship-desert,Camel
hard-know-metal,Tungsten
element-use-thermometer,Mercury
continent-permanent-human-settlement,Antarctica
currency-south-korea,Won
develop-first-vaccine,Jenner
ocean-warm,Indian
national-bird-new-zealand,Kiwi
large-organ-human-body,Skin
river-flow-egypt,Nile
discover,Roentgen
animal-sleep-standing,Horse
famous-scientist-develop-polio-vaccine,Salk
method-check-array-include-element,includes
function-combine-string,concat
default-value-global-scope,Window
function-convert-string-lowercase,toLowerCase
object-represent-html-document,document
loop-run-block-code-condition-true,while
javascript-feature-prevent-callback-hell,Promise
,Convert
function-remove-whitespace-side-string,trim
method-append-item-array,push
method-copy-array-elements-another-array,copyWithin
function-remove-item-specific-index,splice
bind-javascript,Attach
keyword-declare-variable,let
,Select
output-typeof-nan,Number
function-schedule-function-execute-later,setTimeout
function-execute-function-repeatedly-interval,setInterval
operator-use-check-property-exists-object,in
,Stop
part-brain-control-emotion,Amygdala
study-fungi-call,Mycology
vitamin-know-sunshine-vitamin,D
metal-abundant-earth-crust,Aluminum
unit-electrical-resistance,Ohm
gas-use-fluorescent-light,Argon
process-convert-sugar-alcohol,Fermentation
organ-responsible-detoxification-human-body,Liver
chemical-formula-ozone,O3
blood-cell-help-clot,Platelets
ph-human-blood,74
main-component-natural-gas,Methane
force-keep-planet-orbit-around-sun,Gravity
planet-rotates-side,Uranus
scientific-name-human,HomoSapiens
part-cell-produce-energy,Mitochondria
blood-group-universal-recipient,ABPositive
gas-release-photosynthesis,Oxygen
si-unit-power,Watt
type-rock-form-magma,Igneous
program-language-use-blockchain,Solidity
sql-stand,StructuredQueryLanguage
protocol-use-sending-email,SMTP
key-use-refresh-web-page,F5
o,Linux
cloud-service-ibm,IBMCloud
program-language-use-ai,Python
company-develop,AT&T
purpose-ip-address,Identify
command-deletes-file-linux,rm
browser-first-ever-create,Netscape
database-language-use-query,SQL
full-form-url,UniformResourceLocator
command-use-create-new-directory,mkdir
language-use-web-animation,CSS
data-structure-follow-lifo,Stack
company-create-git,Linux
language-use-web-scrap,Python
symbol-use-pointer-c,*
purpose-api,Interface
planet-large-moon,Jupiter
invent-dynamite,Nobel
river-know-yellow-river,HuangHe
sport-play-wimbledon,Tennis
car-brand-prance-horse-logo,Ferrari
fruit-contain-vitamin-c,Guava
country-know-land-smile,Thailand
main-ingredient-chocolate,Cocoa
instrument-use-measure-pressure,Barometer
paint-last-supper,DaVinci
holiday-celebrate-end-slavery-usa,Juneteenth
currency-brazil,Real
bird-fly,Penguin
zodiac-sign-represent-lion,Leo
book-series-feature-hogwarts,HarryPotter
superhero-also-know-dark-knight,Batman
planet-name-roman-god-war,Mars
deep-part-ocean,MarianaTrench
greek-god-sea,Poseidon
company-produce-iphone,Apple
country-famous-great-wall,China
write-iliad-odyssey,Homer
city-know-big-apple,NewYork
capital-egypt,Cairo
ancient-wonder-locate-babylon,HangingGardens
develop-first-successful-polio-vaccine,Salk
national-flower-usa,Rose
capital-sweden,Stockholm
mountain-tall-north-america,Denali
discover-penicillin,Fleming
city-host-first-modern-olympics,Athens
european-country-know-windmill,Netherlands
first-emperor-rome,Augustus
state-grand-canyon,Arizona
small-planet-solar-system,Mercury
desert-large-world,Antarctica
capital-malaysia,KualaLumpur
fruit-main-ingredient-guacamole,Avocado
paint-persistence-memory,Dali
river-run-baghdad,Tigris
keyword-use-declare-function,function
method-remove-first-element-array,shift
keyword-use-stop-execution-loop,break
typeof-null-return,object
function-convert-json-string-object,JSONparse
event-fire-element-click,click
object-represent-dom,document
function-execute-function-delay,setTimeout
function-execute-function-repeatedly,setInterval
default-data-type-variable-javascript,undefined
function-round-number,floor
javascript-framework-develop-google,Angular
method-remove-item-specific-index,splice
operator-use-exponentiation,**
loop-best-iterating-object,for-in
property-check-length-array,length
function-convert-number-string,toString
return-function,Exit
function-find-high-value-array,Mathmax
function-convert-object-json-string,JSONstringify
part-body-contain-bone,Hand
gas-use-balloon,Helium
chemical-formula-table-salt,NaCl
part-brain-control-balance,Cerebellum
gas-make-earth-atmosphere,Nitrogen
vitamin-essential-blood-clotting,K
process-liquid-turn-gas,Evaporation
animal-strong-bite-force,Crocodile
boil-point-water-fahrenheit,212
blood-cell-fight-infection,White
main-gas-sun,Hydrogen
abundant-element-universe,Hydrogen
animal-regenerate-lose-limb,Starfish
large-land-carnivore,PolarBear
part-plant-absorbs-water,Roots
mineral-need-strong-bone,Calcium
name-first-artificial-satellite,Sputnik
metal-use-make-aircraft,Aluminum
small-unit-life,Cell
planet-rotates-side,Uranus
company-create-c-programming-language,BellLabs
html-stand,HyperTextMarkupLanguage
protocol-use-secure-data-transfer,HTTPS
key-shortcut-use-redo-action,CtrlY
database-use-store-json-data,MongoDB
program-language-mainly-use-ai,Python
operating-system,Linux
command-use-create-directory-linux,mkdir
protocol-use-send-email,SMTP
cs-stand,CascadingStyleSheets
language-use-write-smart-contract,Solidity
type-memory,ROM
purpose-firewall,Security
key-shortcut-paste-copy-text,CtrlV
database-use-relational-database,MySQL
command-deletes-file-linux,rm
cloud-compute-platform-google,GCP
protocol-use-browsing-website,HTTP
full-form-api,ApplicationProgrammingInterface
shortcut-key-lock-windows-computer,WinL
superhero-climb-wall,Spiderman
festival-know-festival-light,Diwali
instrument-key,Piano
country-know-kangaroo,Australia
currency-use-uk,Pound
holiday-celebrate-december,Christmas
greek-god-war,Ares
sea-creature-eight-leg,Octopus
color-make-mix-blue-yellow,Green
superhero-wear-black-cape-mask,Batman
continent-large,Asia
country-famous-maple-syrup,Canada
game-feature-board-checker-square,Chess
country-know-pyramid,Egypt
fruit-symbol-new-york,Apple
month-day,February
metal-know-best-conductor-electricity,Silver
shape-four-equal-side,Square
country-dragon-flag,Bhutan
planet-close-sun,Mercury
data-structure-use-function-call,Stack
data-structure-use-bfs,Queue
algorithm-use-monotonic-stack,NextGreaterElement
data-structure-use-undo-operation,Stack
operation-queue-remove-front-element,Dequeue
data-structure-use-implement-deque,DoublyLinkedList
function-use-check-stack-empty,isEmpty
operation-add-element-stack,Push
data-structure-use-search,Queue
operation-retrieves-last-element-stack,Peek
tree-use-binary-search,BST
traversal-technique-visit-nodes-sort-order,InOrder
algorithm-find-short-path-unweighted-graph,BFS
traversal-visit-node-child,PreOrder
graph-search-algorithm-use-stack,DFS
algorithm-find-low-common-ancestor-tree,BinaryLifting
tree-balance-use-rotation,AVLTree
algorithm-find-diameter-tree,DFS
data-structure-use-detect-cycle-graph,DisjointSet
traversal-technique-visit-node-depth-first,LevelOrder
sort-algorithm-fast-average,QuickSort
sort-algorithm-best-nearly-sort-data,InsertionSort
sort-algorithm-stable-n-log-n-complexity,MergeSort
sort-algorithm-us-heap,HeapSort
sort-algorithm,RadixSort
sort-algorithm-swap-adjacent-element,BubbleSort
sort-algorithm-pick-smallest-element-pas,SelectionSort
sort-algorithm-work-best-range-number-small,CountingSort
algorithm-find-median-unsorted-array-n,QuickSelect
sort-algorithm-use-timsort,MergeInsertion
dp-algorithm-solve-rod-cut-problem,Knapsack
problem-solve-use-kadane-algorithm,MaxSubarray
algorithm-find-long-common-subsequence,LCS
algorithm-use-matrix-chain-multiplication,DP
problem-solve-use-floyd-triangle,AllPairsShortestPath
dp-approach-start-base-case,BottomUp
dp-approach-solve-problem-recursively,TopDown
problem-solve-use-subset-sum-approach,Knapsack
dp-problem-find-long-palindromic-subsequence,LPS
dp-problem-find-minimum-edit-distance,Levenshtein
search-algorithm-work-sort-array,BinarySearch
search-algorithm-n-complexity-bad-case,LinearSearch
search-algorithm-divide-array-half,BinarySearch
search-algorithm-work-efficiently-jump-list,JumpSearch
algorithm-use-find-floor-number-sort-array,BinarySearch
search-technique-use-interpolation-sort-list,InterpolationSearch
search-algorithm-use-hash-table,Hashing
algorithm-find-rank-number-sort-list,OrderStatisticTree
search-method-use-infinite-sorted-array,ExponentialSearch
search-algorithm-find-square-root-number,BinarySearch
data-structure-provide-lookup,HashTable
technique-resolve-hash-collision-use-link-list,Chaining
hash-method-us-linear-probe,OpenAddressing
hash-method-use-secondary-hash-function,DoubleHashing
algorithm-use-find-anagrams-efficiently,Hashing
hash-technique-minimizes-collision,PerfectHashing
function-use-compute-unique-key-data,HashFunction
method-resolve-collision-hash-table,QuadraticProbing
function-use-compute-hash-value,MD5
hash-function-use,CryptographicHash
algorithm-find-minimum-span-tree,Prim
algorithm-find-short-path,FloydWarshall
algorithm-find-eulerian-path,Hierholzer
algorithm-find-articulation-point,Tarjan
algorithm-find-strongly-connect-component,Kosaraju
algorithm-find-maximum-flow-network,FordFulkerson
algorithm-find-short-path-dag,TopologicalSort
algorithm-find-perfect-bipartite-matching,HopcroftKarp
algorithm-find-long-path-dag,DP
algorithm-find-articulation-bridge,Tarjan
operator-use-bitwise,&
operator-use-bitwise,|
operator-use-bitwise-leave-shift,<<
operator-use-bitwise-right-shift,>>
function-check-number-power-two,BitwiseAnd
algorithm-find-single-number,XOR
bit-manipulation-technique-swap-two-number,XORSwap
technique-find-rightmost-set-bit,Masking
function-count-number-set-bit,BrianKernighan
algorithm-find-convex-hull-set-point,GrahamScan
algorithm-find-large-rectangle-histogram,Stack
algorithm-find-long-prefix-also-suffix,KMP
problem-solve-use-algorithm,AllPairsShortestPath
algorithm-solve-subset-sum-problem,Backtracking
data-structure-use-interval-scheduling,SegmentTree
algorithm-find-long-palindromic-substring,Manacher
algorithm-find-centroid-tree,DFS
algorithm-find-maximum-xor-pair-array,Trie
algorithm-find-small-element-array,QuickSelect
discover-penicillin,Fleming
planet-close-sun,Mercury
capital-brazil,Brasilia
large-animal,BlueWhale
invent-airplane,WrightBrothers
chemical-symbol-iron,Fe
country-time-zone,France
capital-south-korea,Seoul
ocean-deepest,Pacific
hard-rock,Diamond
national-language-china,Mandarin
capital-italy,Rome
long-river-asia,Yangtze
write-odyssey,Homer
element-represent-symbol,Lead
country-know-great-wall,China
chemical-formula-methane,CH4
high-mountain-earth,Everest
national-currency-russia,Ruble
continent-country,Africa
keyword-use-define-class,class
function-remove-whitespace-string,trim
method-find-index-array,indexOf
event-trigger-form-submit,submit
operator-use-logical,&&
function-convert-array-string,toString
typeof-undefined-return,undefined
function-parses-float-string,parseFloat
javascript-framework-develop-google,Angular
method-execute-function-interval,setInterval
function-join-array-element-string,join
purpose-return-function,Exit
loop-guarantee-execution-least,do-while
function-convert-json-object,JSONparse
method-revers-array,reverse
function-capitalize-string,toUpperCase
keyword-use-export-module,export
default-scope-variable-js,Global
function-combine-two-array,concat
function-find-high-number-array,Mathmax
planet-moon,Saturn
main-gas-earth-atmosphere,Nitrogen
scientist-develop-law-motion,Newton
chemical-formula-salt,NaCl
study-plant-call,Botany
metal-liquid-room-temperature,Mercury
small-unit-life,Cell
atomic-number-oxygen,8
part-brain-control-balance,Cerebellum
speed-sound-air,343
organ-pump-blood-body,Heart
powerhouse-cell,Mitochondria
si-unit-force,Newton
vitamin-produce-sunlight,D
study-star-call,Astronomy
gas-use-neon-sign,Neon
scientist-develop-periodic-table,Mendeleev
type-energy-store-food,Chemical
process-plant-make-food,Photosynthesis
boil-point-oxygen-celsius,-183
language-use-web-development,HTML
full-form-http,HyperTextTransferProtocol
database-relational,MySQL
ram-stand,RandomAccessMemory
key-start-bios-setup,F2
protocol-secures-website,HTTPS
cpu-stand,CentralProcessingUnit
device-store-data,HardDrive
keyboard-shortcut-copy-text,CtrlC
default-file-extension-java,java
program-language-run-browser,JavaScript
linux-command-list-file,ls
cloud-service-microsoft,Azure
binary-representation,1010
full-form-ai,ArtificialIntelligence
protocol-use-file-transfer,FTP
tag-create-hyperlink-html,a
function-return-string-length-python,len
full-form-api,ApplicationProgrammingInterface
device-process-graphic,GPU
keyword-use-define-function-python,def
data-type-mutable-python,List
method-use-read-user-input-python,input
keyword-use-exception-handle-python,try
module-use-handle-regular-expression-python,re
keyword-use-define-class-java,class
function-entry-point-java-program,main
operator-use-inheritance-java,extends
package-import-default-java,javalang
keyword-use-method-overload-java,static
function-use-print-output,cout
keyword-use-dynamic-memory-allocation,new
operator-use-pointer-dereferencing,*
loop-ensure-execution-least,do-while
keyword-use-declare-constant-variable-javascript,const
method-convert-string-lowercase-javascript,toLowerCase
function-remove-whitespace-side-string,trim
function-use-parse-json-string,JSONparse
keyword-use-define-property-c,get
function-use-write-output-console-c,ConsoleWriteLine
access-modifier-allow-access-within-assembly-c,internal
keyword-use-define-interface-c,interface
data-type-use-store-large-number-c,double
function-use-get-length-string-php,strlen
superglobal-array-store-form-data-php,_POST
function-use-start-session-php,session_start
keyword-use-define-constant-swift,let
function-use-print-output-swift,print
keyword-use-define-optional-swift,Optional
function-entry-point-kotlin-program,main
keyword-use-define-protocol-swift,protocol
function-entry-point-kotlin-program,main
keyword-use-declare-nullable-variable-kotlin,?
function-convert-string-integer-kotlin,toInt
keyword-use-define-extension-function-kotlin,fun
keyword-use-coroutines-kotlin,suspend
method-use-print-output-ruby,puts
symbol-use-define-instance-variable-ruby,@
keyword-use-define-class-ruby,class
operator-use-string-interpolation-ruby,{}
function-use-check-length-string-ruby,length
keyword-use-declare-function-go,func
function-use-print-output-go,fmtPrintln
package-use-operation-go,fmt
keyword-use-define-struct-go,struct
function-use-get-length-slice-go,len
keyword-use-declare-variable-rust,let
function-use-print-output-rust,println!
symbol-use-define-reference-rust,&
keyword-use-define-module-rust,mod
keyword-use-create-mutable-variable-rust,mut
function-use-print-output-r,print
function-use-get-length-vector-r,length
symbol-use-assignment-r,<-
function-use-create-sequence-r,seq
function-use-sort-vector-r,sort
function-use-plot-graph-matlab,plot
keyword-use-define-function-matlab,function
function-use-create-matrix-matlab,zeros
function-use-find-maximum-value-matlab,max
function-use-calculate-mean-matlab,mean
keyword-use-define-type-typescript,type
keyword-use-declare-interface-typescript,interface
function-convert-number-string-typescript,toString
keyword-use-ensure-strict-type-checking-typescript,strict
function-use-check-string-include-substring,includes
function-use-print-output-scala,println
keyword-use-define-object-scala,object
symbol-use-function-parameter-scala,>
keyword-use-pattern-match-scala,match
keyword-use-define-trait-scala,trait
function-use-print-output-dart,print
keyword-use-declare-variable-dart,var
keyword-use-asynchronous-program-dart,async
symbol-use-define-function-dart,>
keyword-use-defining-class-dart,class
keyword-use-retrieve-data-sql,SELECT
function-use-count-row-sql,COUNT
keyword-use-remove-duplicate-sql,DISTINCT
keyword-use-filter-data-sql,WHERE
command-use-create-table-sql,CREATE
command-list-file-bash,ls
command-print-output-bash,echo
command-use-change-directory-bash,cd
command-use-check-current-directory-bash,pwd
function-use-print-output-perl,print
keyword-use-loop-perl,foreach
keyword-use-define-subroutine-perl,sub
keyword-use-define-function,def
function-print-output-python,print
operator-use-exponentiation,**
module-use-work-date,datetime
function-return-length-list,len
statement-use-handle-exception,try
function-convert-string-integer,int
method-use-remove-item-list,remove
loop-use-iterate-sequence,for
function-return-absolute-value-number,abs
function-return-maximum-value-list,max
function-round-number-near-integer,round
keyword-use-define-class,class
method-add-element-set,add
module-use-generate-random-number,random
method-use-capitalize-first-letter-string,capitalize
method-use-split-string,split
keyword-use-import-module,import
function-return-small-value-list,min
method-use-check-string-start-specific-letter,startswith
function-return-ascii-value-character,ord
method-remove-last-item-list,pop
keyword-use-exit-function,return
function-use-create-iterable-object,iter
function-convert-integer-string,str
loop-run-indefinitely-unless-stop,while
method-join-element-list-string,join
function-return-type-variable,type
keyword-use-delete-variable,del
function-sort-list-ascend-order,sorted
module-use-handle-regular-expression,re
statement-stop-loop-prematurely,break
function-return-sort-copy-list,sorted
function-read-input-user,input
method-return-copy-string-uppercase-letter,upper
function-return-list-attribute-method-object,dir
function-return-memory-address-object,id
keyword-use-inherit-parent-class,super
keyword-use-check-value-exist-sequence,in
method-replaces-part-string,replace
method-remove-lead-trail-space-string,strip
function-check-element-iterable-true,all
function-check-element-iterable-true,any
keyword-define-anonymous-function,lambda
module-provide-mathematical-function,math
function-return-hexadecimal-representation-number,hex
function-return-binary-representation-number,bin
function-read-file-entire-content,read
function-write-data-file,write
function-check-file-exists,exists
statement-open-file-reading,open
function-return-number-item-iterable,len
method-append-item-list,append
function-check-object-callable,callable
method-use-sort-list-place,sort
function-raise-number-power,pow
function-return-new-list-element-square,map
function-applies-filter-iterable,filter
module-use-work-json-data,json
function-return-remainder-division,mod
function-return-quotient-remainder,divmod
keyword-use-create-generator,yield
function-return-sequence-number,range
method-count-occurrences-value-list,count
keyword-use-create-package,__init__
function-return-copy-list,copy
function-swap-key-value-dictionary,zip
function-convert-list-tuple,tuple
function-merges-two-list-pair,zip
function-convert-dictionary-list-tuples,items
function-return-list-dictionary-key,keys
function-return-list-dictionary-value,values
function-add-pair-dictionary,update
function-return-default-value-key-miss,get
module-use,threading
module-use-multiprocessing,multiprocessing
module-use-work-csv-file,csv
module-use-working-database,sqlite3
module-use-handle-urls,urllib
function-convert-string-lowercase,lower
module-use-handling-time,time
function-pause-execution-give-number-second,sleep
keyword-define-abstract-method,abstractmethod
function-generates-random-integer,randint
module-use-scientific-compute,numpy
module-use-data-analysis,pandas
module-use-machine-learn,sklearn
module-use-deep-learning,tensorflow
function-use-reshape-array-numpy,reshape
method-remove-duplicate-value-list,set
method-convert-list-string,join
keyword-use-define-asynchronous-function,async
method-wait-asynchronous-operation-complete,await
module-use-create-http-request,requests
module-use-work-xml,xml
function-check-string-contains-digit,isdigit
capital-france,Paris
discover-gravity,Newton
large-mammal,BlueWhale
paint-mona-lisa,DaVinci
national-bird-usa,Eagle
gas-essential-breathing,Oxygen
chemical-symbol-gold,Au
hard-natural-substance,Diamond
write-juliet,Shakespeare
capital-japan,Tokyo
long-river-world,Nile
invent-telephone,Bell
large-ocean,Pacific
planet-know-red-planet,Mars
chemical-formula-water,H2O
first-president-usa,Washington
animal-know-king-jungle,Lion
national-currency-china,Yuan
boil-point-water-celsius,100
continent-know-continent,Africa
keyword-declare-variable,var
function-convert-string-integer,parseInt
method-add-element-array,push
keyword-use-asynchronous-function,async
function-remove-last-element-array,pop
default-behavior-sort,Lexical
loop-use-iterate-object-property,for-in
,Parse
typeof-null-return,Object
keyword-use-define-constant,const
javascript-framework-maintain-facebook,React
object-represent-browser-window,window
event-handler-button-click,onclick
method-convert-array-string,join
nan-stand,NotANumber
method-use-call-function-delay,setTimeout
function-return-random-number,Mathrandom
operator-use-exponentiation,**
develop-theory-relativity,Einstein
national-flower-india,Lotus
speed-light,299792458
element-atomic-number,Hydrogen
national-sport-canada,IceHockey
know-father-computer,Babbage
city-know-big-apple,NewYork
capital-australia,Canberra
gas-use-balloon,Helium
square-root,12
small-planet-solar-system,Mercury
national-currency-uk,Pound
write-catcher-rye,Salinger
part-plant-conduct-photosynthesis,Leaf
founder-microsoft,Gates
capital-germany,Berlin
country-know-land-rise-sun,Japan
long-bone-human-body,Femur
freeze-point-water-celsius,0
instrument-use-measure-earthquake,Seismometer
output-python,8
default-port-http,80
data-structure-follow-fifo,Queue
cs-stand,CascadingStyleSheets
html-tag-use-hyperlink,a
binary-representation,101
protocol-use-send-email,SMTP
sql-stand,StructuredQueryLanguage
database-nosql,MongoDB
main-function-operating-system,ManageResources
cloud-platform-develop-amazon,AWS
language-primarily-use-android-development,Kotlin
http-stand,HyperTextTransferProtocol
company-create-java,SunMicrosystems
ram-stand,RandomAccessMemory
full-form-api,ApplicationProgrammingInterface
program-language-use-ai,Python
default-file-extension-python-script,py
company-develop-c-programming-language,BellLabs
