Keyword,Answer
capital,Berlin
france,Paris
?,BellLabs
germany,Berlin
write,Salinger
'to,Lee
kill,Lee
mockingbird,Lee
',Salinger
large,Pacific
planet,Mercury
solar,Mercury
system,ManageResources
boil,100
point,0
water,0
celsius,0
paint,DaVinci
mona,DaVinci
lisa,DaVinci
square,12
root,12
64,8
chemical,H2O
symbol,Au
gold,Au
year,Venus
world,Nile
war,Ares
ii,1945
end,Juneteenth
long,Femur
river,Nile
japan,Tokyo
develop,BellLabs
theory,Einstein
relativity,Einstein
freeze,0
fahrenheit,212
know,Japan
red,Mars
author,Fitzgerald
'1984,Orwell
currency,Pound
united,George-Washington
kingdom,Pound
india,Lotus
discover,Newton
gravity,Newton
many,7
continent,Africa
earth,Nitrogen
gas,Helium
plant,Leaf
use,Python
photosynthesis,Leaf
small,Mercury
prime,Thatcher
number,Hydrogen
invent,Bell
telephone,Bell
australia,Canberra
ocean,Pacific
speed,299792458
light,299792458
vacuum,"299,792,458ms"
language,BellLabs
speak,Portuguese
brazil,Brasilia
penicillin,Fleming
canada,IceHockey
mammal,BlueWhale
element,Hydrogen
atomic,Hydrogen
1,Hydrogen
tall,Denali
mountain,Everest
city,NewYork
big,NewYork
apple,NewYork
'starry,VanGogh
night,Pixel3
formula,H2O
italy,Rome
country,Japan
famous,Canada
sushi,Japan
first,Washington
person,Hillary
step,Armstrong
moon,Saturn
main,ManageResources
ingredient,Avocado
guacamole,Avocado
side,trim
hexagon,6
china,Yuan
'pride,Jane-Austen
prejudice,Jane-Austen
iron,Fe
hard,Diamond
natural,Diamond
substance,Diamond
area,Canada
president,Washington
state,Arizona
bird,Eagle
ability,Owl
mimic,ExpertSystems
sound,343
longest-running,Simpsons
animated,Simpsons
tv,Simpsons
show,Simpsons
'romeo,Shakespeare
juliet,Shakespeare
's,read
atmosphere,Nitrogen
bone,Femur
adult,206
human,Femur
body,Femur
metal,Mercury
liquid,Mercury
room,Mercury
temperature,Mercury
russia,Ruble
electricity,Silver
second-largest,Canada
land,Japan
color,Green
ripe,Yellow
banana,Yellow
month,February
28,February
day,February
common,LCS
study,Astronomy
living,Biology
organism,Biology
call,setTimeout
home,iPhoneX
great,China
wall,China
bee,Nectar
collect,Nectar
flower,Lotus
opposite,Night
'day,Night
south,Seoul
korea,Seoul
bulb,Edison
breathe,Oxygen
survival,Oxygen
144,12
pyramid,Egypt
giza,Egypt
sea,Octopus
creature,Octopus
eight,Octopus
arm,Octopus
holiday,Christmas
celebrate,Christmas
december,Christmas
25,Christmas
leg,Octopus
spider,8
sport,IceHockey
net,Basketball
",",Java
ball,Basketball
hoop,Basketball
kangaroo,Australia
female,Thatcher
minister,Thatcher
uk,Pound
fast,QuickSort
animal,Lion
periodic,Mendeleev
table,CREATE
spain,Paella
close,Mercury
sun,Japan
father,Babbage
computer,Babbage
mexico,MexicoCity
rainbow,7
musical,Piano
instrument,Seismometer
black,Batman
white,Piano
key,get
america,Denali
1492,ChristopherColumbus
disney,Pinocchio
character,ord
nose,Pinocchio
grow,Pinocchio
lie,Atlantic
direct,JamesCameron
movie,JamesCameron
'titanic,JamesCameron
superhero,Batman
also,KMP
dark,Batman
knight,Batman
fruit,Apple
king,Lion
eiffel,France
tower,France
ai,Python
model,iPhone14Pro
image,SRGAN
generation,5G
understanding,SceneGraph
text-to-image,DALL-E
conversion,ASR
real-time,UNet
object,window
detection,LOF
translation,Whisper
generate,randint
human-like,GPT
text,CtrlC
speech,RNN
synthesis,Tacotron
video,Samsung
frame,DVPF
interpolation,{}
music,Transformer
composition,MuseNet
face,iPhoneX
recognition,RNN
summarization,T5
chatbot,Transformer
development,Kotlin
ai-powered,Huawei
search,BinarySearch
document,document
similarity,CosineSimilarity
zero-shot,ContrastiveLearning
classification,MLkNN
conversational,LaMDA
super-resolution,SRGAN
personalized,LambdaMART
recommendation,MatrixFactorization
knowledge,TeacherStudent
extraction,RetrieverTransformer
protein,AlphaFold
structure,Queue
prediction,LSTM
3d,PointNet
voice,TextToSpeech
cloning,VITS
create,SunMicrosystems
deepfake,GAN
avatar,NeuralRendering
ai-generated,NeuralRendering
handwriting,OCR
code,while
completion,Codex
medical,DecisionSupportSystems
analysis,pandas
anomaly,LOF
sentiment,BERT
autonomous,DeepRL
driving,PerceptionNet
multimodal,VisionTransformer
learning,tensorflow
caption,ShowAndTell
financial,DeepAR
forecasting,ARIMA
legal,LegalBERT
news,GPT
article,GPT
motion,Newton
detect,DisjointSet
math,MathGPT
solving,MathGPT
landscape,GauGAN
self-supervised,ContrastiveLearning
question,BERT
answer,DocT5
diagnostics,MedBERT
poetry,GPT
audio,DeepAudio
enhancement,DeepAudio
cybersecurity,AIShield
field,change
focus,Lens
learn,ReinforcementLearning
experience,MachineLearning
technique,Masking
allow,internal
machine,sklearn
reasoning,ExpertSystems
algorithm,QuickSelect
pathfinding,AStar
approach,Knapsack
self-driving,CNN
car,Ferrari
defeat,AlphaGo
player,AlphaGo
go,len
method,setTimeout
enable,NFC
interaction,ReinforcementLearning
concept,Huawei
refers,GeneralAI
improve,SRGAN
time,time
robot,DeepReinforcementLearning
understand,SentimentAnalysis
type,type
require,Supervised
intervention,AutonomousAI
branch,gitBranch
problem-solving,CognitiveAI
imitate,Parrot
decision-making,HeuristicSearch
framework,React
commonly,RNN
automated,FeatureTools
game,Chess
playing,Qlearning
help,Platelets
diagnosis,DecisionSupportSystems
emotion,Amygdala
fraud,RandomForest
fake,DeepLearning
principle,Fairness
ethic,Fairness
technology,AMOLED
speech-to-text,ASR
deal,TextToSpeech
recognize,ImageSegmentation
engine,MatrixFactorization
navigation,GestureControl
interact,Grasping
virtual,NeuralRendering
assistant,Holmes
drone,DeepRL
stock,TimeSeriesAnalysis
market,TimeSeriesAnalysis
large-scale,LAMB
involve,Monopoly
explain,Explainability
decision,Explainability
question-answering,T5
sarcasm,SentimentAnalysis
power,pow
google,Angular
translate,NeuralMachineTranslation
weather,LSTM
self-learning,ReinforcementLearning
chatbots,GPT
summarize,T5
optimize,ONNX
edge,TensorFlowLite
device,GPU
dna,Nucleus
sequence,range
supply,AIOptimization
chain,DP
management,AIOptimization
generalize,GeneralAI
imaging,DeepLearning
robotics,IsaacGym
story,MobyDick
edit,Levenshtein
advertising,ReinforcementLearning
animation,CSS
without,Antarctica
label,Supervised
data,Queue
facial,GAN
ai-driven,ComputerVision
analytics,ComputerVision
creativity,StableDiffusion
painting,NeuralStyleTransfer
cinematography,DeepVideoEditing
fashion,Paris
design,SnapdragonGseries
realistic,GAN
film,AIStoryWriting
script,py
book,HarryPotter
summary,Summarization
scientific,numpy
paper,GPT
automation,SmartAI
augment,DeepAR
reality,DeepAR
website,HTTPS
interior,StyleTransfer
product,DeepLearning
storytelling,NeuralStory
palette,AIColorization
comic,DeepComics
dance,PoseEstimation
movement,PoseEstimation
colosseum,Italy
law,Newton
national,Pound
usa,Washington
woman,Tereshkova
win,Curie
nobel,Curie
prize,Curie
hummus,Chickpeas
driest,Antarctica
laugh,NitrousOxide
canal,Venice
africa,Pretoria
u.s.,Arizona
la,Nevada
vega,Nevada
measure,Seismometer
air,343
pressure,Barometer
island,iPhone14Pro
caribbean,Cuba
spot,Jupiter
climb,Spiderman
mount,Nepal
everest,Nepal
produce,D
coffee,Brazil
keyword,const
define,const
find,max
match,DynamicProgramming
string,join
event,onclick
trigger,submit
user,input
press,keydown
`,8
localstorage,String
store,_POST
function,ManageResources
capitalize,capitalize
letter,upper
add,push
specific,startswith
index,indexOf
javascript,React
check,isdigit
array,join
contain,isdigit
value,set
merges,zip
two,zip
return,Mathrandom
ascii,ord
form,ApplicationProgrammingInterface
submit,submit
document.getelementsbyclassname,Collection
(,Parse
),Parse
delay,setTimeout
execution,sleep
loop,for-in
run,while
least,do-while
purpose,Exit
typeof,Object
declare,var
convert,join
json,json
parsefloat,Convert
facebook,React
represent,window
browser,window
window,window
part,Leaf
conduct,Leaf
short,TopologicalSort
potassium,K
mineral,Calcium
necessary,Calcium
blood,Heart
clotting,K
release,Oxygen
abundant,Hydrogen
si,Newton
unit,Newton
brain,Cerebellum
control,Cerebellum
methane,CH4
dry,Atacama
m/s,299792458
eye,Lens
amount,Pupil
enter,Pupil
cell,Mitochondria
fight,White
infection,White
process,GPU
turn,Evaporation
vapor,Evaporation
vitamin,D
carrot,A
powerhouse,Mitochondria
carbon,CO2
monoxide,CO
ice,Iceland
giant,Neptune
ear,Cochlea
balance,Cerebellum
company,BellLabs
linux,ls
kernel,LinusTorvalds
programming,BellLabs
web,HTML
protocol,SMTP
send,SMTP
email,SMTP
full,ApplicationProgrammingInterface
lan,LocalAreaNetwork
shortcut,CtrlC
tab,CtrlW
command,pwd
remove,pop
directory,pwd
c,BellLabs
#,double
database,MongoDB
relational,MySQL
cloud,AWS
service,Azure
ibm,IBMCloud
operating,ManageResources
http,HyperTextTransferProtocol
stand,RandomAccessMemory
default,py
file,py
extension,py
input,input
gui,GraphicalUserInterface
git,Linux
secure,HTTPS
browsing,HTTPS
combination,CtrlR
refresh,F5
page,F5
python,py
list,join
festival,Diwali
hindu,Diwali
new,map
detective,Holmes
life,Cell
221b,Holmes
baker,Holmes
street,Holmes
logo,Ferrari
four,Square
ring,Saturn
'king,Mango
board,Chess
buy,Monopoly
trading,Monopoly
property,for-in
play,Tennis
diamond-shaped,Baseball
july,IndependenceDay
4th,IndependenceDay
mythical,Phoenix
breathes,Dragon
fire,click
european,Netherlands
shape,Square
like,Italy
boot,Italy
surface,Venus
hot,Venus
enough,Venus
melt,Venus
lead,strip
neck,Giraffe
novel,StudyInScarlet
tell,MobyDick
whale,BlueWhale
name,Sputnik
moby,MobyDick
dick,MobyDick
feature,Chess
block,while
fall,Tetris
chocolate,Cocoa
often,Apple
associate,Halloween
isaac,Apple
newton,Apple
fictional,Holmes
watson,Holmes
neural,Adam
network,FordFulkerson
activation,Tanh
deep,tensorflow
modeling,LDA
processing,NeuralEngine
train,GradientPenalty
initialize,Xavier
weight,Xavier
layer,Softmax
reduce,EyeComfortMode
spatial,Pooling
dimension,Pooling
cnns,Pooling
loss,WassersteinLoss
binary,101
optimization,AdamW
segmentation,UNet
prevents,GradientClipping
overfitting,Regularization
lstms,Tanh
gans,WassersteinLoss
autoencoders,FeedForward
normalizes,BatchNorm
convergence,GradientClipping
architecture,RNN
style,NeuralStyleTransfer
transfer,FTP
optimizer,LAMB
best,CountingSort
transformer,AdamW
metric,FrechetInceptionDistance
evaluates,FrechetInceptionDistance
generative,FrechetInceptionDistance
attention,SelfAttention
mechanism,SelfAttention
reinforcement,RewardFunction
training,TrainTestSplit
federated,TensorFlowFederated
multi-class,CategoricalCrossEntropy
answering,BERT
application,MongoDB
convolutional,Backpropagation
computes,CosineSimilarity
cosine,CosineSimilarity
vector,sort
distillation,TeacherStudent
gan,GradientPenalty
discriminator,LeakyReLU
time-series,LSTM
output,8
fine-tunes,TransferLearning
pre-trained,TransferLearning
perceptual,MSE
hierarchical,DeepCNN
generalization,Dropout
denoising,DenoisingAutoencoder
contrastive,TripletLoss
handwrite,PixelCNN
predict,MuseNet
mobile,SnapdragonGseries
siamese,ContrastiveLoss
clip,VisionTransformer
scalable,Horovod
vae,KL-Divergence
few-shot,PrototypicalNetworks
generator,yield
q-learning,ExperienceReplay
compress,Sedimentary
spectral,SpectralNorm
normalization,BatchNorm
wavelet,WaveletCNN
transforms,WaveletCNN
robustness,AdversarialTraining
adversarial,AdversarialTraining
attack,AdversarialTraining
task,ESRGAN
differentiable,JAX
high-resolution,StyleGAN
scene,SceneGraph
stabilize,GradientPenalty
digital,Modem
pathology,DeepPath
automatic,ShowAndTell
captioning,ShowAndTell
lifelong,ElasticWeightConsolidation
editing,GauGAN
self-play,AlphaZero
energy-based,ContrastiveDivergence
inference,ONNX
follow,Queue
lifo,Stack
fifo,Queue
sort,Lexical
n^2,BubbleSort
worst-case,BubbleSort
complexity,LinearSearch
average,QuickSort
case,LinearSearch
recursion,Stack
bfs,Queue
traversal,LevelOrder
tree,DFS
node,LevelOrder
child,PreOrder
priority,Heap
queue,Dequeue
path,DP
graph,plot
lru,LinkedHashMap
cache,LinkedHashMap
implementation,Encapsulation
minimum,Prim
spanning,Prim
topological,Kahn
sorting,Kahn
undo,Stack
operation,await
balanced,Stack
bst,BinarySearch
dynamic,new
resizing,ArrayList
lookup,HashTable
visit,LevelOrder
sorted,sorted
order,sorted
hashing,PerfectHashing
avoids,SeparateChaining
collision,QuadraticProbing
cycle,DisjointSet
implement,DoublyLinkedList
stack,DFS
strongly,Kosaraju
connect,Kosaraju
component,Kosaraju
base,BottomUp
divide,BinarySearch
conquer,MergeSort
strategy,MergeSort
self-balancing,AVLTree
manner,AVLTree
circular,Queue
buffer,Queue
bridge,Tarjan
subsequence,LPS
breadth-first,Queue
heap,HeapSort
connected,DFS
substring,includes
insertion,LinkedList
deletion,LinkedList
unweighted,BFS
increase,LIS
maximum,max
bipartite,HopcroftKarp
matching,match
directed,Floyd
support,iPhone14
hash,CryptographicHash
resolution,Chaining
articulation,Tarjan
comparison-based,RadixSort
convex,GrahamScan
hull,GrahamScan
computation,GrahamScan
efficient,SegmentTree
searching,Trie
near,round
neighbor,KDTree
highest-priority,ExtractMax
performs,InsertionSort
nearly,InsertionSort
eulerian,Hierholzer
hamiltonian,Backtracking
huffman,PriorityQueue
cod,PriorityQueue
solve,Backtracking
subset,Backtracking
sum,Backtracking
problem,Backtracking
matrix,zeros
multiplication,DP
prefix,KMP
disjoint,UnionFind
set,add
union,UnionFind
single,XOR
source,BellmanFord
sccs,Kosaraju
flow,FordFulkerson
travel,BranchAndBound
salesman,BranchAndBound
rod,Knapsack
cut,Knapsack
range,CountingSort
query,SQL
palindromic,Manacher
rabin-karp,HashTable
pattern,match
pagerank,PowerIteration
checking,strict
stable,MergeSort
in-place,MergeSort
diameter,DFS
independent,DynamicProgramming
rectangle,Stack
histogram,Stack
2-sat,Tarjan
centroid,DFS
dag,DP
approximate,Levenshtein
sparse,CSR
representation,101
efficiently,Hashing
low,BinaryLifting
ancestor,BinaryLifting
treap,RandomizedBST
frequency,CountingSort
counting,CountingSort
biconnected,Tarjan
median,QuickSelect
stream,Heap
concatenation,Trie
distance,Levenshtein
skyline,DivideAndConquer
exponentiation,**
all-pairs,FloydWarshall
shortest,FloydWarshall
wildcard,DynamicProgramming
knapsack,DynamicProgramming
interval,setInterval
scheduling,SegmentTree
circuit,Fleury
fenwick,BinaryIndexedTree
mst,Prim
dense,Prim
parenthesis,Stack
peace,Tolstoy
statue,France
wide,BernersLee
argentina,BuenosAires
reptile,Antarctica
old,Jericho
uranus,Herschel
cold,VostokStation
place,sort
volcano,Indonesia
dish,Paella
space,strip
london,Thames
desert,Antarctica
'guernica,Picasso
spoken,English
fjord,Norway
last,pop
change,cd
asynchronously,async
iterate,for-in
occurrence,count
uppercase,upper
chrome,V8
scroll,scroll
item,append
beginning,unshift
hold,window
global,Window
variable,var
stop,break
timer,clearInterval
fill,fill
static,fill
round,round
integer,parseInt
bind,Attach
length,len
fixed,toFixed
decimal,toFixed
parse,JSONparse
operator,**
rock,Diamond
sediment,Sedimentary
make,Photosynthesis
majority,Nitrogen
regenerate,Starfish
heavy,Uranium
naturally,Uranium
occur,Uranium
gland,Thyroid
regulate,Pancreas
metabolism,Thyroid
force,Newton
keep,Gravity
orbit,Gravity
around,Gravity
matter,Atom
sodium,Salt
chloride,Salt
balloon,Helium
float,parseFloat
second,sleep
crust,Aluminum
known,Diamond
material,Nucleus
primarily,Kotlin
io,Swift
paste,CtrlV
copy,copy
comment,--
sql,StructuredQueryLanguage
php,session_start
display,MeizuPro7
current,pwd
format,txt
cooky,txt
program,main
paradigm,ReinforcementLearning
action,CtrlY
android,Kotlin
apps,Kotlin
platform,AWS
microsoft,Gates
signal,Modem
analog,Modem
port,80
ftp,21
communication,iPhone14
memory,id
volatile,RAM
html,a
tag,a
checkbox,input
'write,Java
anywhere,Java
mechanical,Babbage
dog,Greyhound
breed,Greyhound
race,Greyhound
chess,Knight
piece,Knight
move,Knight
straight,Rook
line,Rook
seed,Strawberry
outside,Strawberry
'the,Salinger
gatsby,Fitzgerald
love,Paris
coin,Nickel
electric,Ampere
man,Superman
friend,Dog
pumpkin,Halloween
traditional,Sake
drink,Sake
maple,Canada
syrup,Canada
thailand,Bangkok
rise,Japan
ash,Phoenix
official,Portuguese
shield,CaptainAmerica
star,Astronomy
euro,Lira
walk,Armstrong
strong,Calcium
wind,Neptune
radium,Curie
conductor,Silver
high,Mathmax
waterfall,AngelFalls
ammonia,NH3
turkey,Ankara
'war,Tolstoy
rare,ABNegative
electron,Thomson
population,Asia
switzerland,Franc
producer,Brazil
reassignment,const
handle,time
date,datetime
j,Global
settimeout,ID
execute,setInterval
statement,open
extract,Aluminum
portion,slice
inheritance,extends
document.queryselector,Select
downward,floor
immediately,IIFE
invoked,IIFE
expression,re
hovers,mouseover
reverse,reverse
get,length
random,Mathrandom
glass,iPhone4
earthquake,Seismometer
ascorbic,C
acid,C
responsible,Liver
greenhouse,CO2
effect,CO2
internal,Liver
organ,Heart
lifespan,Tortoise
energy,Chemical
nerve,Sciatic
entry,main
bauxite,Aluminum
universe,Hydrogen
universal,ABPositive
donor,O
genetic,Nucleus
dioxide,CO2
ph,74
pure,7
insulin,Pancreas
science,Python
ios,Swift
app,Swift
cs,CascadingStyleSheets
java,SunMicrosystems
ip,Identify
hide,Encapsulation
detail,Encapsulation
nosql,MongoDB
cpu,CentralProcessingUnit
software,Javac
compile,Javac
o,Linux
xml,xml
c++,do-while
l-shape,Knight
card,Diamonds
suit,Diamonds
wealth,Diamonds
pop,Jackson
portugal,Lisbon
gentleman,Cricket
sherlock,StudyInScarlet
holmes,StudyInScarlet
europe,Ural
norway,Oslo
hollywood,California
circulation,Harvey
saudi,Riyadh
arabia,Riyadh
twin,Venus
starry,VanGogh
essential,Oxygen
cover,Sahara
northern,Sahara
steam,Watt
east,Atlantic
coast,Atlantic
mediterranean,Sicily
farthest,Neptune
polio,Salk
vaccine,Salk
rotate,Owl
head,Owl
270,Owl
degree,Owl
split,split
alphabetically,sort
whitespace,trim
[,Object
],Object
block-scoped,let
boolean,Boolean
asynchronous,async
request,requests
json.parse,Parse
button,onclick
click,onclick
constant,const
event.stoppropagation,Stop
extinguisher,CarbonDioxide
sunshine,D
battery,MotoGPower
food,Photosynthesis
wave,Radio
sugar,Fermentation
clot,Platelets
url,urllib
amazon,AWS
long-term,HardDrive
ram,RandomAccessMemory
retrieval,IMAP
api,ApplicationProgrammingInterface
steel,Superman
pizza,Italy
wimbledon,Tennis
tournament,Tennis
brand,Ferrari
bull,Lamborghini
three,Octopus
heart,Octopus
lay,Ostrich
egg,Ostrich
eternal,Rome
mythological,Dragon
legendary,Arthur
pull,Arthur
sword,Arthur
stone,Arthur
regression,MSE
dataset,DimensionalityReduction
compute,MD5
logistic,CrossEntropyLoss
ml,LSTM
inspire,NeuralNetwork
cluster,SilhouetteScore
evaluation,RewardFunction
selection,RecursiveFeatureElimination
prevent,Promise
calculate,mean
knn,Euclidean
library,TensorFlow
accuracy,F1Score
unsupervised,PCA
boost,GradientBoosting
performance,MacroF1
series,HarryPotter
hyperparameter,GridSearch
tuning,GridSearch
testing,TrainTestSplit
spam,NaiveBayes
reduces,Bagging
bias,Bagging
variance,Bagging
recommender,CollaborativeFiltering
imbalanced,SMOTE
datasets,Imputation
topic,LDA
learns,ReinforcementLearning
reward,ReinforcementLearning
evaluate,mAP
importance,SHAP
sequential,HMM
outlier,DBSCAN
dimensionality,tSNE
miss,get
statistical,ChiSquareTest
test,ChiSquareTest
hypothesis,ChiSquareTest
ensure,strict
fairness,BiasVarianceTradeoff
structured,XGBoost
tabular,XGBoost
scaling,ZScoreNormalization
standardize,ZScoreNormalization
correlation,PearsonCoefficient
explode,GradientClipping
gradient,GradientClipping
combine,concat
multiple,EnsembleLearning
weak,EnsembleLearning
learner,EnsembleLearning
multi-label,MLkNN
word,Word2Vec
embedding,Word2Vec
batch,BatchNorm
incremental,OnlineLearning
domain,TransferLearning
adaptation,TransferLearning
active,QueryByCommittee
ranking,LambdaMART
embeddings,CosineSimilarity
deblurring,Deconvolution
engineering,FeatureTools
art,StableDiffusion
iphone,Apple
manufacture,Oppo
galaxy,Samsung
smartphones,Samsung
smartphone,Micromax
oxygenos,OnePlus
processor,Aseries
qualcomm,Snapdragon
introduce,Huawei
foldable,Samsung
phone,Huawei
headphone,iPhone7
jack,iPhone7
5g,5G
pixel,Tensor
launch,Micromax
id,iPhoneX
own,Oppo
sub-brand,Oppo
realme,Oppo
harmonyos,Huawei
108mp,Xiaomi
camera,Pixel
iphones,Aseries
gorilla,iPhone4
wireless,Mate20Pro
charge,Mate20Pro
miui,Xiaomi
nothing,Nothing
under-display,VivoX21
exynos,Samsung
chipset,SnapdragonGseries
contactless,NFC
payment,NFC
v-series,Vivo
rog,Asus
coloros,Oppo
legion,Lenovo
nord,OnePlus
6,Tensor
periscope,Pseries
zoom,Pseries
adjust,AutoBrightness
rate,Samsung
dynamically,LTPO
dimensity,MediaTek
provide,math
magsafe,iPhone12
p,Huawei
120hz,Razer
shark,Xiaomi
pop-up,VivoNex
screen,AutoBrightness
brightness,AutoBrightness
automatically,AutoBrightness
200mp,Motorola
stylus,Samsung
pen,Samsung
open-source,Linux
in-display,VivoX21
fingerprint,VivoX21
scanner,VivoX21
zenfone,Asus
kirin,Huawei
photography,Huawei
hyperos,Xiaomi
moto,Motorola
razr,Motorola
flip,Motorola
x,Oppo
mode,Pixel3
curved,GalaxyNoteEdge
4k,SonyXperiaZ5
recording,SonyXperiaZ5
axon,ZTE
xperia,Sony
punch-hole,GalaxyA8s
iqoo,Vivo
blue,Green
emission,EyeComfortMode
8k,Samsung
record,Samsung
144hz,Nubia
lidar,iPhone12Pro
scanning,iPhone12Pro
1tb,Samsung
storage,Samsung
240w,Realme
fast-charging,Realme
bionic,iPhone
chip,iPhone
gesture-based,GestureControl
discontinue,WindowsPhone
x100,Vivo
1-inch,Xiaomi
sensor,VivoX21
reno,Oppo
overheat,VaporChamberCooling
efficiency,Aseries
ultra-wide,LGG5
satellite,Sputnik
200w,iQOO
charging,iQOO
rollable,LGRollable
include,includes
adaptive,Samsung
usb-c,OnePlusTwo
secondary,DoubleHashing
back,MeizuPro7
64mp,Realme
k-series,Redmi
one,Micromax
specifically,SnapdragonGseries
tulip,Netherlands
oxygen,-183
gift,France
liberty,France
evening,Venus
separate,Ural
asia,Yangtze
ship,Camel
thermometer,Mercury
permanent,Antarctica
settlement,Antarctica
warm,Indian
zealand,Kiwi
egypt,Cairo
x-ray,Roentgen
sleep,Horse
scientist,Mendeleev
scope,Global
lowercase,lower
condition,while
true,any
callback,Promise
hell,Promise
json.stringify,Convert
append,append
another,copyWithin
document.getelementbyid,Select
nan,NotANumber
schedule,setTimeout
later,setTimeout
repeatedly,setInterval
exist,exists
event.preventdefault,Stop
fungi,Mycology
electrical,Ohm
resistance,Ohm
fluorescent,Argon
alcohol,Fermentation
detoxification,Liver
ozone,O3
rotates,Uranus
group,ABPositive
recipient,ABPositive
magma,Igneous
blockchain,Solidity
address,id
delete,del
ever,Netscape
scraping,Python
pointer,*
dynamite,Nobel
yellow,Green
prancing,Ferrari
horse,Ferrari
smile,Thailand
supper,DaVinci
slavery,Juneteenth
fly,Penguin
zodiac,Leo
sign,Neon
lion,Leo
hogwarts,HarryPotter
roman,Mars
god,Ares
greek,Ares
iliad,Homer
odyssey,Homer
ancient,HangingGardens
wonder,HangingGardens
locate,HangingGardens
babylon,HangingGardens
successful,Salk
sweden,Stockholm
north,Denali
host,Athens
modern,Athens
olympics,Athens
windmill,Netherlands
emperor,Augustus
rome,Augustus
grand,Arizona
canyon,Arizona
malaysia,KualaLumpur
persistence,Dali
baghdad,Tigris
null,Object
dom,document
salt,NaCl
bite,Crocodile
lose,Starfish
limb,Starfish
carnivore,PolarBear
absorbs,Roots
need,Calcium
artificial,Sputnik
aircraft,Aluminum
redo,CtrlY
mainly,Python
operate,Linux
smart,Solidity
contract,Solidity
non-volatile,ROM
firewall,Security
browse,HTTP
lock,WinL
88,Piano
25th,Christmas
mix,Green
wear,Batman
cape,Batman
mask,Batman
checker,Chess
york,Apple
29,February
equal,Square
dragon,Bhutan
flag,Bhutan
monotonic,NextGreaterElement
front,Dequeue
deque,DoublyLinkedList
empty,isEmpty
retrieve,SELECT
rotation,AVLTree
depth,LevelOrder
n,LinearSearch
log,MergeSort
swap,zip
adjacent,BubbleSort
pick,SelectionSort
pas,SelectionSort
work,xml
unsorted,QuickSelect
timsort,MergeInsertion
dp,Levenshtein
kadane,MaxSubarray
â€™,AllPairsShortestPath
floyd,AllPairsShortestPath
triangle,AllPairsShortestPath
start,startswith
recursively,TopDown
bad,LinearSearch
half,BinarySearch
jump,JumpSearch
floor,BinarySearch
rank,OrderStatisticTree
infinite,ExponentialSearch
constant-time,HashTable
resolve,QuadraticProbing
link,Chaining
us,OpenAddressing
linear,OpenAddressing
probe,OpenAddressing
anagrams,Hashing
minimize,PerfectHashing
unique,HashFunction
sha-256,CryptographicHash
perfect,HopcroftKarp
bitwise,>>
leave,<<
shift,>>
right,>>
non-repeating,XOR
bit,BrianKernighan
manipulation,XORSwap
rightmost,Masking
count,count
suffix,KMP
floyd-warshall,AllPairsShortestPath
xor,Trie
pair,update
k-th,QuickSelect
smallest,QuickSelect
airplane,WrightBrothers
zone,France
deepest,Pacific
'pb,Lead
class,super
logical,&&
undefined,undefined
join,join
guarantee,do-while
export,export
module,xml
pump,Heart
sunlight,D
neon,Neon
bios,F2
setup,F2
keyboard,CtrlC
10,1010
hyperlink,a
graphic,GPU
mutable,mut
read,read
exception,try
handling,try
regular,re
package,__init__
import,import
overloading,static
print,print
allocation,new
dereferencing,*
console,ConsoleWriteLine
access,internal
modifier,internal
within,internal
assembly,internal
interface,interface
superglobal,_POST
session,session_start
swift,protocol
optional,Optional
kotlin,suspend
nullable,?
coroutines,suspend
ruby,length
instance,@
i/o,fmt
struct,struct
slice,len
rust,mut
reference,&
r,sort
assignment,<-
plot,plot
matlab,mean
mean,mean
typescript,strict
strict,strict
scala,trait
parameter,>
trait,trait
dart,class
row,COUNT
duplicate,set
filter,filter
bash,pwd
perl,sub
subroutine,sub
built-in,iter
absolute,abs
exit,return
iterable,filter
indefinitely,while
unless,while
ascend,sorted
prematurely,break
attribute,dir
inherit,super
parent,super
replaces,replace
trail,strip
anonymous,lambda
mathematical,math
hexadecimal,hex
entire,read
content,read
open,open
reading,open
callable,callable
raise,pow
apply,filter
remainder,divmod
division,mod
quotient,divmod
dictionary,update
tuple,tuple
key-value,update
tuples,items
multi-threading,threading
multiprocessing,multiprocessing
csv,csv
pause,sleep
give,sleep
abstract,abstractmethod
computing,numpy
reshape,reshape
numpy,reshape
wait,await
complete,await
digit,isdigit
jungle,Lion
'dark,Africa
behavior,Lexical
maintain,React
handler,onclick
catcher,Salinger
rye,Salinger
founder,Gates
2,8
*,8
3,8
5,101
